transaction_id,fee,mev_potential,mev_captured,creator_id,target_tx_id,type_of_user,block_number,block_created,builder_type,transaction_type
233841,30000000,0,0,2520,,unknown,1,1,attack,normal
233837,5200000,0,0,2519,,unknown,1,1,attack,normal
233824,2600000,0,0,2503,,unknown,1,1,attack,normal
233842,2400000,49100,0,2519,,unknown,1,1,attack,normal
235022,0,0,0,6266,233842.0,unknown,1,1,attack,failed
233823,2000000,0,0,2517,,unknown,1,1,attack,normal
233831,1800000,0,0,2508,,unknown,1,1,attack,normal
233828,1500000,0,0,2505,,unknown,1,1,attack,normal
233840,1500000,0,0,2504,,unknown,1,1,attack,normal
233838,1100000,12800,0,2504,,unknown,1,1,attack,normal
233822,1000000,0,0,2502,,unknown,1,1,attack,normal
233825,1000000,0,0,2511,,unknown,1,1,attack,normal
233830,910000,0,0,2513,,unknown,1,1,attack,normal
233832,650000,0,0,2512,,unknown,1,1,attack,normal
233834,650000,0,0,2520,,unknown,1,1,attack,normal
233844,420000,0,0,2512,,unknown,1,1,attack,normal
233839,300000,0,0,2508,,unknown,1,1,attack,normal
233827,220000,0,0,2512,,unknown,1,1,attack,normal
233843,220000,0,0,2519,,unknown,1,1,attack,normal
233833,170000,0,0,2507,,unknown,1,1,attack,normal
233845,170000,0,0,2503,,unknown,1,1,attack,normal
233829,160000,0,0,2513,,unknown,1,1,attack,normal
233835,150000,0,0,2502,,unknown,1,1,attack,normal
233836,150000,0,0,2511,,unknown,1,1,attack,normal
233826,80000,0,0,2505,,unknown,1,1,attack,normal
233854,30000000,0,0,2516,,unknown,2,2,attack,normal
233856,27000000,0,0,2518,,unknown,2,2,attack,normal
233855,3200000,0,0,2520,,unknown,2,2,attack,normal
233849,1800000,0,0,2518,,unknown,2,2,attack,normal
233859,1800000,0,0,2506,,unknown,2,2,attack,normal
233851,1300000,0,0,2513,,unknown,2,2,attack,normal
233850,1000000,0,0,2509,,unknown,2,2,attack,normal
233866,1000000,0,0,2511,,unknown,2,2,attack,normal
233869,1000000,0,0,2511,,unknown,2,2,attack,normal
233861,360000,0,0,2507,,unknown,2,2,attack,normal
233864,320000,0,0,2509,,unknown,2,2,attack,normal
233863,310000,0,0,2501,,unknown,2,2,attack,normal
233853,260000,0,0,2520,,unknown,2,2,attack,normal
233860,260000,0,0,2511,,unknown,2,2,attack,normal
233848,220000,0,0,2515,,unknown,2,2,attack,normal
233858,170000,0,0,2512,,unknown,2,2,attack,normal
233868,160000,0,0,2515,,unknown,2,2,attack,normal
233846,77000,66100,0,2517,,unknown,2,2,attack,normal
235023,0,0,0,6275,233846.0,unknown,2,2,attack,failed
233852,130000,0,0,2517,,unknown,2,2,attack,normal
233857,110000,18600,0,2517,,unknown,2,2,attack,normal
233847,120000,0,0,2511,,unknown,2,2,attack,normal
233867,83000,0,0,2504,,unknown,2,2,attack,normal
233862,82000,0,0,2511,,unknown,2,2,attack,normal
233865,79000,0,0,2515,,unknown,2,2,attack,normal
233885,6300000,0,0,2512,,unknown,3,3,attack,normal
233880,4200000,0,0,2509,,unknown,3,3,attack,normal
233890,2100000,0,0,2520,,unknown,3,3,attack,normal
233887,1700000,68100,0,2506,,unknown,3,3,attack,normal
235024,0,0,0,6254,233887.0,unknown,3,3,attack,failed
233878,1700000,0,0,2517,,unknown,3,3,attack,normal
233874,1600000,0,0,2507,,unknown,3,3,attack,normal
233886,1600000,0,0,2518,,unknown,3,3,attack,normal
233893,1600000,0,0,2520,,unknown,3,3,attack,normal
233872,1400000,19700,0,2503,,unknown,3,3,attack,normal
233888,1400000,0,0,2514,,unknown,3,3,attack,normal
233877,1100000,0,0,2514,,unknown,3,3,attack,normal
233870,360000,73100,0,2514,,unknown,3,3,attack,normal
233882,370000,30200,0,2507,,unknown,3,3,attack,normal
233891,360000,0,0,2513,,unknown,3,3,attack,normal
233884,310000,32900,0,2506,,unknown,3,3,attack,normal
233892,340000,0,0,2515,,unknown,3,3,attack,normal
233875,310000,0,0,2503,,unknown,3,3,attack,normal
233879,260000,0,0,2508,,unknown,3,3,attack,normal
233883,260000,0,0,2505,,unknown,3,3,attack,normal
233871,160000,0,0,2512,,unknown,3,3,attack,normal
233881,120000,0,0,2515,,unknown,3,3,attack,normal
233876,110000,0,0,2508,,unknown,3,3,attack,normal
233889,82000,0,0,2504,,unknown,3,3,attack,normal
233873,73000,0,0,2517,,unknown,3,3,attack,normal
233913,19000000,0,0,2506,,unknown,4,4,attack,normal
233902,6300000,0,0,2501,,unknown,4,4,attack,normal
233901,4500000,0,0,2517,,unknown,4,4,attack,normal
233915,4500000,0,0,2516,,unknown,4,4,attack,normal
233904,2600000,0,0,2516,,unknown,4,4,attack,normal
233900,2500000,0,0,2514,,unknown,4,4,attack,normal
233908,1800000,0,0,2509,,unknown,4,4,attack,normal
233910,1800000,0,0,2508,,unknown,4,4,attack,normal
233907,1500000,0,0,2516,,unknown,4,4,attack,normal
233917,1400000,5640,0,2505,,unknown,4,4,attack,normal
235025,0,0,0,6259,233917.0,unknown,4,4,attack,failed
233894,1000000,0,0,2509,,unknown,4,4,attack,normal
233897,970000,0,0,2512,,unknown,4,4,attack,normal
233914,650000,0,0,2503,,unknown,4,4,attack,normal
233898,600000,36800,0,2514,,unknown,4,4,attack,normal
233916,460000,13800,0,2516,,unknown,4,4,attack,normal
233899,460000,0,0,2513,,unknown,4,4,attack,normal
233909,220000,0,0,2511,,unknown,4,4,attack,normal
233911,190000,0,0,2505,,unknown,4,4,attack,normal
233905,160000,0,0,2513,,unknown,4,4,attack,normal
233906,110000,0,0,2503,,unknown,4,4,attack,normal
233912,100000,0,0,2520,,unknown,4,4,attack,normal
233895,80000,0,0,2513,,unknown,4,4,attack,normal
233896,70000,0,0,2518,,unknown,4,4,attack,normal
233903,70000,0,0,2502,,unknown,4,4,attack,normal
233921,43000000,0,0,2507,,unknown,5,5,attack,normal
233939,43000000,0,0,2512,,unknown,5,5,attack,normal
233927,19000000,0,0,2501,,unknown,5,5,attack,normal
233925,6100000,0,0,2517,,unknown,5,5,attack,normal
233928,4500000,0,0,2510,,unknown,5,5,attack,normal
233933,4500000,0,0,2510,,unknown,5,5,attack,normal
233934,4200000,0,0,2505,,unknown,5,5,attack,normal
233940,1100000,0,0,2513,,unknown,5,5,attack,normal
233922,1000000,0,0,2505,,unknown,5,5,attack,normal
233936,970000,0,0,2509,,unknown,5,5,attack,normal
233932,460000,0,0,2505,,unknown,5,5,attack,normal
233935,460000,0,0,2513,,unknown,5,5,attack,normal
233919,340000,0,0,2505,,unknown,5,5,attack,normal
233938,320000,0,0,2514,,unknown,5,5,attack,normal
233930,260000,0,0,2505,,unknown,5,5,attack,normal
233923,220000,0,0,2509,,unknown,5,5,attack,normal
233920,85000,128000,0,2511,,unknown,5,5,attack,normal
235026,0,0,0,6270,233920.0,unknown,5,5,attack,failed
233926,150000,0,0,2510,,unknown,5,5,attack,normal
233937,150000,0,0,2509,,unknown,5,5,attack,normal
233924,120000,0,0,2519,,unknown,5,5,attack,normal
233929,120000,0,0,2502,,unknown,5,5,attack,normal
233931,120000,0,0,2503,,unknown,5,5,attack,normal
233941,98000,0,0,2514,,unknown,5,5,attack,normal
233918,84000,0,0,2511,,unknown,5,5,attack,normal
233961,19000000,30200,0,2511,,unknown,6,6,attack,normal
235027,0,0,0,6253,233961.0,unknown,6,6,attack,failed
233946,4200000,0,0,2513,,unknown,6,6,attack,normal
233953,4200000,0,0,2513,,unknown,6,6,attack,normal
233942,2000000,0,0,2502,,unknown,6,6,attack,normal
233948,1900000,0,0,2514,,unknown,6,6,attack,normal
233947,1800000,0,0,2517,,unknown,6,6,attack,normal
233954,1800000,0,0,2515,,unknown,6,6,attack,normal
233959,1600000,0,0,2516,,unknown,6,6,attack,normal
233952,1500000,0,0,2513,,unknown,6,6,attack,normal
233958,1300000,0,0,2517,,unknown,6,6,attack,normal
233944,1000000,0,0,2514,,unknown,6,6,attack,normal
233950,1000000,0,0,2501,,unknown,6,6,attack,normal
233960,1000000,0,0,2518,,unknown,6,6,attack,normal
233963,670000,0,0,2517,,unknown,6,6,attack,normal
233962,260000,0,0,2506,,unknown,6,6,attack,normal
233945,240000,0,0,2501,,unknown,6,6,attack,normal
233943,220000,0,0,2512,,unknown,6,6,attack,normal
233949,170000,0,0,2503,,unknown,6,6,attack,normal
233957,170000,0,0,2512,,unknown,6,6,attack,normal
233955,110000,0,0,2501,,unknown,6,6,attack,normal
233956,84000,0,0,2516,,unknown,6,6,attack,normal
233964,84000,0,0,2508,,unknown,6,6,attack,normal
233951,82000,0,0,2519,,unknown,6,6,attack,normal
233965,77000,0,0,2506,,unknown,6,6,attack,normal
233970,27000000,0,0,2501,,unknown,7,7,attack,normal
233976,5000000,0,0,2502,,unknown,7,7,attack,normal
233982,4500000,128000,0,2502,,unknown,7,7,attack,normal
235028,0,0,0,6253,233982.0,unknown,7,7,attack,failed
233975,3600000,0,0,2513,,unknown,7,7,attack,normal
233978,2400000,0,0,2515,,unknown,7,7,attack,normal
233969,2300000,0,0,2514,,unknown,7,7,attack,normal
233977,1400000,779000,0,2518,,unknown,7,7,attack,normal
233987,2000000,0,0,2514,,unknown,7,7,attack,normal
233968,1400000,0,0,2501,,unknown,7,7,attack,normal
233980,1400000,0,0,2519,,unknown,7,7,attack,normal
233971,1100000,0,0,2519,,unknown,7,7,attack,normal
233967,1000000,0,0,2502,,unknown,7,7,attack,normal
233985,670000,0,0,2501,,unknown,7,7,attack,normal
233966,470000,181000,0,2516,,unknown,7,7,attack,normal
233988,370000,0,0,2518,,unknown,7,7,attack,normal
233986,310000,0,0,2512,,unknown,7,7,attack,normal
233973,300000,0,0,2513,,unknown,7,7,attack,normal
233972,260000,0,0,2514,,unknown,7,7,attack,normal
233974,220000,15700,0,2515,,unknown,7,7,attack,normal
233979,220000,0,0,2509,,unknown,7,7,attack,normal
233983,220000,0,0,2509,,unknown,7,7,attack,normal
233984,170000,0,0,2507,,unknown,7,7,attack,normal
233989,160000,0,0,2512,,unknown,7,7,attack,normal
233981,120000,13800,0,2511,,unknown,7,7,attack,normal
234007,5200000,0,0,2515,,unknown,8,8,attack,normal
233996,3500000,49100,0,2514,,unknown,8,8,attack,normal
235029,0,0,0,6274,233996.0,unknown,8,8,attack,failed
234006,2500000,0,0,2506,,unknown,8,8,attack,normal
234005,2300000,0,0,2514,,unknown,8,8,attack,normal
234011,2300000,0,0,2509,,unknown,8,8,attack,normal
233995,1200000,959000,0,2517,,unknown,8,8,attack,normal
234004,2000000,0,0,2511,,unknown,8,8,attack,normal
234010,1900000,0,0,2502,,unknown,8,8,attack,normal
234012,1900000,0,0,2513,,unknown,8,8,attack,normal
234002,1500000,0,0,2512,,unknown,8,8,attack,normal
234000,1300000,0,0,2520,,unknown,8,8,attack,normal
233998,1200000,0,0,2519,,unknown,8,8,attack,normal
233991,1100000,0,0,2513,,unknown,8,8,attack,normal
234001,630000,0,0,2513,,unknown,8,8,attack,normal
234009,530000,0,0,2506,,unknown,8,8,attack,normal
233994,340000,0,0,2501,,unknown,8,8,attack,normal
234008,310000,5630,0,2505,,unknown,8,8,attack,normal
233993,260000,0,0,2509,,unknown,8,8,attack,normal
233990,160000,0,0,2514,,unknown,8,8,attack,normal
234013,160000,0,0,2519,,unknown,8,8,attack,normal
233992,150000,0,0,2513,,unknown,8,8,attack,normal
233997,150000,0,0,2507,,unknown,8,8,attack,normal
233999,98000,0,0,2518,,unknown,8,8,attack,normal
234003,84000,0,0,2502,,unknown,8,8,attack,normal
234032,19000000,0,0,2515,,unknown,9,9,attack,normal
234020,5000000,0,0,2513,,unknown,9,9,attack,normal
234030,5000000,0,0,2506,,unknown,9,9,attack,normal
234024,2000000,0,0,2501,,unknown,9,9,attack,normal
234028,1600000,0,0,2502,,unknown,9,9,attack,normal
234025,1500000,0,0,2516,,unknown,9,9,attack,normal
234029,1300000,0,0,2505,,unknown,9,9,attack,normal
234021,910000,0,0,2503,,unknown,9,9,attack,normal
234018,660000,0,0,2504,,unknown,9,9,attack,normal
234017,650000,0,0,2512,,unknown,9,9,attack,normal
234019,600000,0,0,2510,,unknown,9,9,attack,normal
234023,530000,0,0,2520,,unknown,9,9,attack,normal
234037,370000,14200,0,2502,,unknown,9,9,attack,normal
235030,0,0,0,6277,234037.0,unknown,9,9,attack,failed
234022,350000,0,0,2506,,unknown,9,9,attack,normal
234033,350000,0,0,2520,,unknown,9,9,attack,normal
234036,260000,0,0,2515,,unknown,9,9,attack,normal
234027,190000,0,0,2502,,unknown,9,9,attack,normal
234031,190000,0,0,2513,,unknown,9,9,attack,normal
234016,170000,0,0,2509,,unknown,9,9,attack,normal
234015,120000,0,0,2512,,unknown,9,9,attack,normal
234026,120000,0,0,2514,,unknown,9,9,attack,normal
234035,120000,0,0,2507,,unknown,9,9,attack,normal
234014,110000,0,0,2519,,unknown,9,9,attack,normal
234034,85000,0,0,2515,,unknown,9,9,attack,normal
234054,19000000,0,0,2507,,unknown,10,10,attack,normal
234038,6100000,0,0,2508,,unknown,10,10,attack,normal
234045,5000000,0,0,2511,,unknown,10,10,attack,normal
234040,3200000,0,0,2516,,unknown,10,10,attack,normal
234060,1900000,0,0,2509,,unknown,10,10,attack,normal
234039,1800000,0,0,2502,,unknown,10,10,attack,normal
234044,1800000,0,0,2520,,unknown,10,10,attack,normal
234057,1400000,0,0,2503,,unknown,10,10,attack,normal
234061,1300000,0,0,2516,,unknown,10,10,attack,normal
234048,1100000,0,0,2508,,unknown,10,10,attack,normal
234053,1100000,0,0,2512,,unknown,10,10,attack,normal
234047,1000000,0,0,2515,,unknown,10,10,attack,normal
234046,970000,0,0,2512,,unknown,10,10,attack,normal
234056,670000,0,0,2501,,unknown,10,10,attack,normal
234055,660000,0,0,2520,,unknown,10,10,attack,normal
234052,600000,0,0,2514,,unknown,10,10,attack,normal
234042,470000,0,0,2508,,unknown,10,10,attack,normal
234041,360000,0,0,2507,,unknown,10,10,attack,normal
234049,300000,43600,0,2510,,unknown,10,10,attack,normal
235031,0,0,0,6256,234049.0,unknown,10,10,attack,failed
234050,220000,0,0,2501,,unknown,10,10,attack,normal
234058,220000,0,0,2507,,unknown,10,10,attack,normal
234059,170000,0,0,2510,,unknown,10,10,attack,normal
234051,150000,5180,0,2507,,unknown,10,10,attack,normal
234043,120000,0,0,2515,,unknown,10,10,attack,normal
234071,30000000,0,0,2517,,unknown,11,11,attack,normal
234081,30000000,0,0,2503,,unknown,11,11,attack,normal
234078,19000000,0,0,2509,,unknown,11,11,attack,normal
234069,4500000,0,0,2512,,unknown,11,11,attack,normal
234066,2600000,0,0,2517,,unknown,11,11,attack,normal
234076,2600000,0,0,2517,,unknown,11,11,attack,normal
234067,2400000,0,0,2511,,unknown,11,11,attack,normal
234073,2000000,0,0,2516,,unknown,11,11,attack,normal
234062,1900000,0,0,2518,,unknown,11,11,attack,normal
234063,1500000,0,0,2515,,unknown,11,11,attack,normal
234064,1300000,0,0,2510,,unknown,11,11,attack,normal
234085,600000,0,0,2520,,unknown,11,11,attack,normal
234079,530000,0,0,2512,,unknown,11,11,attack,normal
234084,530000,0,0,2520,,unknown,11,11,attack,normal
234074,310000,0,0,2511,,unknown,11,11,attack,normal
234065,110000,100000,0,2503,,unknown,11,11,attack,normal
235032,0,0,0,6252,234065.0,unknown,11,11,attack,failed
234077,190000,0,0,2508,,unknown,11,11,attack,normal
234083,190000,0,0,2511,,unknown,11,11,attack,normal
234072,110000,73100,0,2515,,unknown,11,11,attack,normal
234075,170000,0,0,2516,,unknown,11,11,attack,normal
234080,120000,0,0,2513,,unknown,11,11,attack,normal
234068,98000,0,0,2505,,unknown,11,11,attack,normal
234070,83000,0,0,2515,,unknown,11,11,attack,normal
234082,70000,10700,0,2509,,unknown,11,11,attack,normal
234092,6100000,0,0,2510,,unknown,12,12,attack,normal
234098,6100000,0,0,2502,,unknown,12,12,attack,normal
234105,5200000,0,0,2518,,unknown,12,12,attack,normal
234093,3200000,0,0,2508,,unknown,12,12,attack,normal
234107,1900000,0,0,2501,,unknown,12,12,attack,normal
234101,1500000,0,0,2501,,unknown,12,12,attack,normal
234088,1400000,0,0,2503,,unknown,12,12,attack,normal
234095,1400000,0,0,2518,,unknown,12,12,attack,normal
234100,1100000,0,0,2517,,unknown,12,12,attack,normal
234089,220000,779000,0,2502,,unknown,12,12,attack,normal
235033,0,0,0,6278,234089.0,unknown,12,12,attack,failed
234091,120000,769000,0,2502,,unknown,12,12,attack,normal
234090,630000,146000,0,2506,,unknown,12,12,attack,normal
234099,650000,0,0,2514,,unknown,12,12,attack,normal
234102,530000,0,0,2506,,unknown,12,12,attack,normal
234109,98000,410000,0,2519,,unknown,12,12,attack,normal
234104,370000,0,0,2513,,unknown,12,12,attack,normal
234096,240000,15700,0,2509,,unknown,12,12,attack,normal
234086,170000,0,0,2506,,unknown,12,12,attack,normal
234103,170000,0,0,2508,,unknown,12,12,attack,normal
234106,160000,0,0,2507,,unknown,12,12,attack,normal
234094,98000,0,0,2501,,unknown,12,12,attack,normal
234108,85000,0,0,2511,,unknown,12,12,attack,normal
234097,77000,0,0,2504,,unknown,12,12,attack,normal
234087,73000,0,0,2511,,unknown,12,12,attack,normal
234125,27000000,0,0,2507,,unknown,13,13,attack,normal
234127,4500000,0,0,2514,,unknown,13,13,attack,normal
234116,2000000,0,0,2515,,unknown,13,13,attack,normal
234129,1900000,0,0,2513,,unknown,13,13,attack,normal
234122,1600000,0,0,2513,,unknown,13,13,attack,normal
234131,1600000,0,0,2515,,unknown,13,13,attack,normal
234111,1500000,0,0,2506,,unknown,13,13,attack,normal
234130,1100000,231000,0,2514,,unknown,13,13,attack,normal
235034,0,0,0,6285,234130.0,unknown,13,13,attack,failed
234120,1200000,0,0,2501,,unknown,13,13,attack,normal
234112,910000,0,0,2518,,unknown,13,13,attack,normal
234121,910000,0,0,2513,,unknown,13,13,attack,normal
234117,670000,0,0,2502,,unknown,13,13,attack,normal
234128,650000,0,0,2508,,unknown,13,13,attack,normal
234110,120000,381000,0,2516,,unknown,13,13,attack,normal
234133,460000,0,0,2520,,unknown,13,13,attack,normal
234123,420000,0,0,2518,,unknown,13,13,attack,normal
234114,350000,0,0,2517,,unknown,13,13,attack,normal
234118,320000,0,0,2505,,unknown,13,13,attack,normal
234113,160000,0,0,2515,,unknown,13,13,attack,normal
234115,120000,0,0,2503,,unknown,13,13,attack,normal
234132,85000,0,0,2508,,unknown,13,13,attack,normal
234126,84000,0,0,2515,,unknown,13,13,attack,normal
234119,82000,0,0,2505,,unknown,13,13,attack,normal
234124,73000,0,0,2501,,unknown,13,13,attack,normal
234137,43000000,0,0,2511,,unknown,14,14,attack,normal
234143,43000000,0,0,2514,,unknown,14,14,attack,normal
234138,27000000,0,0,2501,,unknown,14,14,attack,normal
234156,27000000,0,0,2509,,unknown,14,14,attack,normal
234152,19000000,0,0,2520,,unknown,14,14,attack,normal
234144,6300000,0,0,2512,,unknown,14,14,attack,normal
234139,3500000,21800,0,2519,,unknown,14,14,attack,normal
235035,0,0,0,6251,234139.0,unknown,14,14,attack,failed
234150,2100000,0,0,2503,,unknown,14,14,attack,normal
234155,1900000,0,0,2506,,unknown,14,14,attack,normal
234151,1600000,181000,0,2503,,unknown,14,14,attack,normal
234149,1200000,0,0,2504,,unknown,14,14,attack,normal
234153,1100000,0,0,2516,,unknown,14,14,attack,normal
234146,1000000,0,0,2510,,unknown,14,14,attack,normal
234135,910000,0,0,2519,,unknown,14,14,attack,normal
234140,910000,0,0,2505,,unknown,14,14,attack,normal
234148,910000,0,0,2516,,unknown,14,14,attack,normal
234154,870000,31700,0,2505,,unknown,14,14,attack,normal
234145,460000,13900,0,2504,,unknown,14,14,attack,normal
234157,350000,0,0,2515,,unknown,14,14,attack,normal
234147,260000,0,0,2518,,unknown,14,14,attack,normal
234141,130000,0,0,2520,,unknown,14,14,attack,normal
234134,84000,0,0,2513,,unknown,14,14,attack,normal
234136,73000,0,0,2510,,unknown,14,14,attack,normal
234142,70000,0,0,2519,,unknown,14,14,attack,normal
234181,43000000,0,0,2506,,unknown,15,15,attack,normal
234167,27000000,0,0,2518,,unknown,15,15,attack,normal
234166,19000000,0,0,2512,,unknown,15,15,attack,normal
234169,1600000,0,0,2503,,unknown,15,15,attack,normal
234172,1600000,0,0,2504,,unknown,15,15,attack,normal
234163,1300000,0,0,2502,,unknown,15,15,attack,normal
234159,1100000,0,0,2515,,unknown,15,15,attack,normal
234161,870000,42000,0,2518,,unknown,15,15,attack,normal
235036,0,0,0,6273,234161.0,unknown,15,15,attack,failed
234177,670000,0,0,2507,,unknown,15,15,attack,normal
234176,470000,0,0,2502,,unknown,15,15,attack,normal
234165,320000,0,0,2502,,unknown,15,15,attack,normal
234171,310000,0,0,2504,,unknown,15,15,attack,normal
234179,300000,0,0,2514,,unknown,15,15,attack,normal
234162,260000,0,0,2502,,unknown,15,15,attack,normal
234164,220000,0,0,2514,,unknown,15,15,attack,normal
234175,220000,0,0,2510,,unknown,15,15,attack,normal
234178,220000,0,0,2511,,unknown,15,15,attack,normal
234160,170000,0,0,2517,,unknown,15,15,attack,normal
234170,170000,0,0,2502,,unknown,15,15,attack,normal
234173,150000,0,0,2510,,unknown,15,15,attack,normal
234158,130000,0,0,2518,,unknown,15,15,attack,normal
234180,120000,0,0,2508,,unknown,15,15,attack,normal
234168,110000,0,0,2511,,unknown,15,15,attack,normal
234174,110000,0,0,2508,,unknown,15,15,attack,normal
234193,4200000,0,0,2506,,unknown,16,16,normal,normal
234194,3500000,0,0,2509,,unknown,16,16,normal,normal
234188,2500000,0,0,2510,,unknown,16,16,normal,normal
234185,1900000,0,0,2507,,unknown,16,16,normal,normal
234202,1600000,0,0,2513,,unknown,16,16,normal,normal
234203,1600000,0,0,2517,,unknown,16,16,normal,normal
234183,1500000,0,0,2520,,unknown,16,16,normal,normal
234190,1300000,0,0,2507,,unknown,16,16,normal,normal
234196,1300000,0,0,2502,,unknown,16,16,normal,normal
234189,1200000,0,0,2506,,unknown,16,16,normal,normal
234201,1200000,0,0,2513,,unknown,16,16,normal,normal
234205,1100000,0,0,2511,,unknown,16,16,normal,normal
234195,1000000,21800,0,2516,,unknown,16,16,normal,normal
234186,1000000,0,0,2504,,unknown,16,16,normal,normal
234187,1000000,0,0,2518,,unknown,16,16,normal,normal
234182,970000,0,0,2519,,unknown,16,16,normal,normal
234200,660000,0,0,2512,,unknown,16,16,normal,normal
234199,650000,0,0,2506,,unknown,16,16,normal,normal
234184,190000,0,0,2502,,unknown,16,16,normal,normal
234191,150000,0,0,2514,,unknown,16,16,normal,normal
234197,150000,0,0,2511,,unknown,16,16,normal,normal
234204,110000,0,0,2516,,unknown,16,16,normal,normal
234198,83000,0,0,2507,,unknown,16,16,normal,normal
234192,80000,0,0,2518,,unknown,16,16,normal,normal
234215,43000000,19700,0,2511,,unknown,17,17,normal,normal
234207,6100000,0,0,2513,,unknown,17,17,normal,normal
234209,5200000,0,0,2516,,unknown,17,17,normal,normal
234206,5000000,0,0,2515,,unknown,17,17,normal,normal
234214,4200000,0,0,2507,,unknown,17,17,normal,normal
234225,3200000,0,0,2507,,unknown,17,17,normal,normal
234221,2500000,0,0,2518,,unknown,17,17,normal,normal
234208,2300000,0,0,2520,,unknown,17,17,normal,normal
234210,2000000,0,0,2515,,unknown,17,17,normal,normal
234219,2000000,0,0,2507,,unknown,17,17,normal,normal
234212,1700000,0,0,2509,,unknown,17,17,normal,normal
234224,1400000,0,0,2504,,unknown,17,17,normal,normal
234216,1200000,0,0,2519,,unknown,17,17,normal,normal
234213,1000000,0,0,2520,,unknown,17,17,normal,normal
234211,970000,0,0,2504,,unknown,17,17,normal,normal
234223,160000,215000,0,2507,,unknown,17,17,normal,normal
234217,220000,0,0,2517,,unknown,17,17,normal,normal
234222,220000,0,0,2520,,unknown,17,17,normal,normal
234218,160000,0,0,2507,,unknown,17,17,normal,normal
234220,150000,0,0,2517,,unknown,17,17,normal,normal
234228,120000,0,0,2507,,unknown,17,17,normal,normal
234229,120000,0,0,2511,,unknown,17,17,normal,normal
234227,110000,0,0,2518,,unknown,17,17,normal,normal
234226,87000,0,0,2504,,unknown,17,17,normal,normal
234253,6300000,0,0,2518,,unknown,18,18,attack,normal
234251,5000000,0,0,2509,,unknown,18,18,attack,normal
234238,3200000,67500,0,2503,,unknown,18,18,attack,normal
235037,0,0,0,6266,234238.0,unknown,18,18,attack,failed
234234,2600000,0,0,2503,,unknown,18,18,attack,normal
234232,2000000,0,0,2509,,unknown,18,18,attack,normal
234242,1600000,0,0,2520,,unknown,18,18,attack,normal
234247,1100000,0,0,2507,,unknown,18,18,attack,normal
234235,310000,769000,0,2516,,unknown,18,18,attack,normal
234250,1000000,0,0,2517,,unknown,18,18,attack,normal
234249,660000,0,0,2518,,unknown,18,18,attack,normal
234233,630000,0,0,2511,,unknown,18,18,attack,normal
234239,420000,0,0,2511,,unknown,18,18,attack,normal
234241,420000,0,0,2517,,unknown,18,18,attack,normal
234246,420000,0,0,2504,,unknown,18,18,attack,normal
234244,360000,0,0,2502,,unknown,18,18,attack,normal
234240,260000,18600,0,2507,,unknown,18,18,attack,normal
234237,190000,84800,0,2514,,unknown,18,18,attack,normal
234248,260000,0,0,2508,,unknown,18,18,attack,normal
234252,190000,0,0,2520,,unknown,18,18,attack,normal
234243,170000,0,0,2504,,unknown,18,18,attack,normal
234236,150000,0,0,2509,,unknown,18,18,attack,normal
234245,120000,0,0,2516,,unknown,18,18,attack,normal
234230,110000,0,0,2511,,unknown,18,18,attack,normal
234231,77000,0,0,2506,,unknown,18,18,attack,normal
234264,43000000,0,0,2519,,unknown,19,19,normal,normal
234277,30000000,0,0,2511,,unknown,19,19,normal,normal
234254,27000000,17000,0,2501,,unknown,19,19,normal,normal
234269,5000000,0,0,2501,,unknown,19,19,normal,normal
234271,5000000,0,0,2511,,unknown,19,19,normal,normal
234272,4500000,0,0,2516,,unknown,19,19,normal,normal
234273,3200000,0,0,2519,,unknown,19,19,normal,normal
234258,2300000,0,0,2512,,unknown,19,19,normal,normal
234270,2000000,0,0,2519,,unknown,19,19,normal,normal
234263,1500000,56200,0,2507,,unknown,19,19,normal,normal
234257,1500000,0,0,2503,,unknown,19,19,normal,normal
234276,1200000,0,0,2509,,unknown,19,19,normal,normal
234260,670000,0,0,2519,,unknown,19,19,normal,normal
234259,660000,0,0,2515,,unknown,19,19,normal,normal
234265,420000,215000,0,2511,,unknown,19,19,normal,normal
234267,460000,0,0,2508,,unknown,19,19,normal,normal
234261,420000,0,0,2511,,unknown,19,19,normal,normal
234255,260000,0,0,2517,,unknown,19,19,normal,normal
234262,160000,0,0,2502,,unknown,19,19,normal,normal
234275,160000,0,0,2510,,unknown,19,19,normal,normal
234266,150000,0,0,2504,,unknown,19,19,normal,normal
234268,130000,0,0,2510,,unknown,19,19,normal,normal
234256,120000,0,0,2518,,unknown,19,19,normal,normal
234274,120000,0,0,2508,,unknown,19,19,normal,normal
234296,6100000,0,0,2506,,unknown,20,20,normal,normal
234301,6100000,0,0,2518,,unknown,20,20,normal,normal
234287,5000000,0,0,2506,,unknown,20,20,normal,normal
234292,5000000,0,0,2516,,unknown,20,20,normal,normal
234300,220000,4320000,0,2511,,unknown,20,20,normal,normal
234298,4200000,0,0,2512,,unknown,20,20,normal,normal
234284,3500000,0,0,2511,,unknown,20,20,normal,normal
234286,3500000,0,0,2510,,unknown,20,20,normal,normal
234285,3200000,67900,0,2514,,unknown,20,20,normal,normal
234297,2000000,0,0,2501,,unknown,20,20,normal,normal
234279,1000000,0,0,2510,,unknown,20,20,normal,normal
234283,1000000,0,0,2511,,unknown,20,20,normal,normal
234288,1000000,0,0,2516,,unknown,20,20,normal,normal
234299,1000000,0,0,2517,,unknown,20,20,normal,normal
234278,670000,0,0,2517,,unknown,20,20,normal,normal
234291,530000,0,0,2518,,unknown,20,20,normal,normal
234294,420000,0,0,2518,,unknown,20,20,normal,normal
234289,260000,0,0,2512,,unknown,20,20,normal,normal
234295,220000,0,0,2508,,unknown,20,20,normal,normal
234290,110000,84800,0,2501,,unknown,20,20,normal,normal
234281,120000,0,0,2502,,unknown,20,20,normal,normal
234293,98000,0,0,2511,,unknown,20,20,normal,normal
234282,85000,0,0,2502,,unknown,20,20,normal,normal
234280,79000,0,0,2511,,unknown,20,20,normal,normal
234308,27000000,0,0,2503,,unknown,21,21,attack,normal
234313,6300000,121000,0,2511,,unknown,21,21,attack,normal
235038,0,0,0,6277,234313.0,unknown,21,21,attack,failed
234310,6100000,5180,0,2510,,unknown,21,21,attack,normal
234318,5000000,0,0,2507,,unknown,21,21,attack,normal
234315,3500000,0,0,2512,,unknown,21,21,attack,normal
234320,2400000,0,0,2501,,unknown,21,21,attack,normal
234304,2300000,0,0,2502,,unknown,21,21,attack,normal
234316,2300000,0,0,2510,,unknown,21,21,attack,normal
234325,2000000,0,0,2504,,unknown,21,21,attack,normal
234322,1900000,0,0,2515,,unknown,21,21,attack,normal
234324,1000000,0,0,2512,,unknown,21,21,attack,normal
234311,970000,0,0,2517,,unknown,21,21,attack,normal
234321,150000,594000,0,2505,,unknown,21,21,attack,normal
234317,460000,0,0,2507,,unknown,21,21,attack,normal
234314,320000,0,0,2506,,unknown,21,21,attack,normal
234302,300000,0,0,2513,,unknown,21,21,attack,normal
234309,220000,0,0,2505,,unknown,21,21,attack,normal
234307,150000,0,0,2510,,unknown,21,21,attack,normal
234319,150000,0,0,2512,,unknown,21,21,attack,normal
234323,150000,0,0,2512,,unknown,21,21,attack,normal
234305,120000,0,0,2509,,unknown,21,21,attack,normal
234306,120000,0,0,2509,,unknown,21,21,attack,normal
234303,82000,0,0,2516,,unknown,21,21,attack,normal
234312,79000,0,0,2501,,unknown,21,21,attack,normal
234328,27000000,0,0,2507,,unknown,22,22,attack,normal
234335,27000000,0,0,2520,,unknown,22,22,attack,normal
234339,6100000,0,0,2505,,unknown,22,22,attack,normal
234343,110000,4320000,0,2508,,unknown,22,22,attack,normal
235039,0,0,0,6272,234343.0,unknown,22,22,attack,failed
234333,2600000,0,0,2511,,unknown,22,22,attack,normal
234334,2100000,0,0,2502,,unknown,22,22,attack,normal
234337,2100000,0,0,2516,,unknown,22,22,attack,normal
234348,1700000,0,0,2520,,unknown,22,22,attack,normal
234331,1600000,0,0,2517,,unknown,22,22,attack,normal
234326,1400000,0,0,2515,,unknown,22,22,attack,normal
234332,1400000,0,0,2509,,unknown,22,22,attack,normal
234345,420000,5640,0,2507,,unknown,22,22,attack,normal
234338,340000,0,0,2506,,unknown,22,22,attack,normal
234344,310000,0,0,2504,,unknown,22,22,attack,normal
234346,310000,0,0,2506,,unknown,22,22,attack,normal
234327,260000,0,0,2514,,unknown,22,22,attack,normal
234340,170000,0,0,2517,,unknown,22,22,attack,normal
234349,120000,0,0,2519,,unknown,22,22,attack,normal
234329,100000,0,0,2516,,unknown,22,22,attack,normal
234347,84000,0,0,2507,,unknown,22,22,attack,normal
234341,82000,0,0,2502,,unknown,22,22,attack,normal
234336,80000,0,0,2511,,unknown,22,22,attack,normal
234330,79000,0,0,2501,,unknown,22,22,attack,normal
234342,79000,0,0,2517,,unknown,22,22,attack,normal
234372,3600000,0,0,2507,,unknown,23,23,attack,normal
234366,3500000,0,0,2505,,unknown,23,23,attack,normal
234364,2100000,0,0,2507,,unknown,23,23,attack,normal
234370,2000000,0,0,2503,,unknown,23,23,attack,normal
234363,1700000,0,0,2514,,unknown,23,23,attack,normal
234359,1400000,0,0,2519,,unknown,23,23,attack,normal
234351,1100000,0,0,2504,,unknown,23,23,attack,normal
234355,1100000,0,0,2514,,unknown,23,23,attack,normal
234373,1000000,0,0,2503,,unknown,23,23,attack,normal
234352,600000,0,0,2518,,unknown,23,23,attack,normal
234354,470000,0,0,2502,,unknown,23,23,attack,normal
234360,470000,0,0,2518,,unknown,23,23,attack,normal
234361,460000,0,0,2517,,unknown,23,23,attack,normal
234367,240000,0,0,2505,,unknown,23,23,attack,normal
234369,240000,0,0,2520,,unknown,23,23,attack,normal
234362,220000,0,0,2509,,unknown,23,23,attack,normal
234358,160000,0,0,2509,,unknown,23,23,attack,normal
234356,130000,0,0,2501,,unknown,23,23,attack,normal
234357,120000,0,0,2512,,unknown,23,23,attack,normal
234368,120000,0,0,2520,,unknown,23,23,attack,normal
234350,80000,0,0,2514,,unknown,23,23,attack,normal
234365,80000,0,0,2509,,unknown,23,23,attack,normal
234371,73000,0,0,2504,,unknown,23,23,attack,normal
234353,70000,0,0,2503,,unknown,23,23,attack,normal
234377,5000000,0,0,2509,,unknown,24,24,normal,normal
234376,3200000,0,0,2519,,unknown,24,24,normal,normal
234384,2000000,779000,0,2504,,unknown,24,24,normal,normal
234397,2500000,0,0,2503,,unknown,24,24,normal,normal
234386,2400000,0,0,2506,,unknown,24,24,normal,normal
234385,2000000,0,0,2517,,unknown,24,24,normal,normal
234390,1600000,12300,0,2507,,unknown,24,24,normal,normal
234396,1100000,0,0,2519,,unknown,24,24,normal,normal
234393,1000000,0,0,2511,,unknown,24,24,normal,normal
234380,970000,0,0,2516,,unknown,24,24,normal,normal
234383,910000,0,0,2501,,unknown,24,24,normal,normal
234388,360000,0,0,2513,,unknown,24,24,normal,normal
234392,350000,0,0,2511,,unknown,24,24,normal,normal
234374,320000,0,0,2501,,unknown,24,24,normal,normal
234394,260000,49100,0,2504,,unknown,24,24,normal,normal
234375,220000,0,0,2515,,unknown,24,24,normal,normal
234378,220000,0,0,2510,,unknown,24,24,normal,normal
234379,220000,0,0,2514,,unknown,24,24,normal,normal
234389,220000,0,0,2520,,unknown,24,24,normal,normal
234381,73000,100000,0,2514,,unknown,24,24,normal,normal
234387,170000,0,0,2515,,unknown,24,24,normal,normal
234382,130000,0,0,2513,,unknown,24,24,normal,normal
234391,110000,16400,0,2506,,unknown,24,24,normal,normal
234395,110000,0,0,2503,,unknown,24,24,normal,normal
234399,30000000,0,0,2507,,unknown,25,25,normal,normal
234400,30000000,0,0,2511,,unknown,25,25,normal,normal
234409,30000000,0,0,2515,,unknown,25,25,normal,normal
234407,6300000,0,0,2502,,unknown,25,25,normal,normal
234413,5200000,0,0,2513,,unknown,25,25,normal,normal
234406,3500000,0,0,2510,,unknown,25,25,normal,normal
234404,2600000,0,0,2515,,unknown,25,25,normal,normal
234421,2000000,0,0,2511,,unknown,25,25,normal,normal
234411,1300000,0,0,2512,,unknown,25,25,normal,normal
234402,970000,0,0,2514,,unknown,25,25,normal,normal
234412,530000,0,0,2520,,unknown,25,25,normal,normal
234416,460000,0,0,2511,,unknown,25,25,normal,normal
234403,420000,15300,0,2501,,unknown,25,25,normal,normal
234405,370000,0,0,2503,,unknown,25,25,normal,normal
234420,370000,0,0,2503,,unknown,25,25,normal,normal
234417,310000,0,0,2502,,unknown,25,25,normal,normal
234398,300000,0,0,2508,,unknown,25,25,normal,normal
234414,300000,0,0,2503,,unknown,25,25,normal,normal
234415,260000,39400,0,2506,,unknown,25,25,normal,normal
234408,120000,36800,0,2511,,unknown,25,25,normal,normal
234418,150000,0,0,2506,,unknown,25,25,normal,normal
234419,110000,0,0,2518,,unknown,25,25,normal,normal
234401,70000,0,0,2510,,unknown,25,25,normal,normal
234410,70000,0,0,2520,,unknown,25,25,normal,normal
234442,19000000,0,0,2505,,unknown,26,26,normal,normal
234425,6100000,0,0,2503,,unknown,26,26,normal,normal
234438,4500000,0,0,2508,,unknown,26,26,normal,normal
234422,2400000,0,0,2518,,unknown,26,26,normal,normal
234437,2000000,0,0,2505,,unknown,26,26,normal,normal
234439,2000000,0,0,2506,,unknown,26,26,normal,normal
234428,1500000,0,0,2503,,unknown,26,26,normal,normal
234429,1500000,0,0,2504,,unknown,26,26,normal,normal
234430,1500000,0,0,2519,,unknown,26,26,normal,normal
234435,1300000,0,0,2518,,unknown,26,26,normal,normal
234433,970000,49100,0,2504,,unknown,26,26,normal,normal
234444,420000,0,0,2508,,unknown,26,26,normal,normal
234432,360000,34700,0,2512,,unknown,26,26,normal,normal
234424,320000,0,0,2519,,unknown,26,26,normal,normal
234423,310000,0,0,2512,,unknown,26,26,normal,normal
234436,260000,0,0,2504,,unknown,26,26,normal,normal
234426,220000,0,0,2505,,unknown,26,26,normal,normal
234427,160000,0,0,2510,,unknown,26,26,normal,normal
234443,150000,0,0,2506,,unknown,26,26,normal,normal
234431,70000,64600,0,2515,,unknown,26,26,normal,normal
234441,120000,0,0,2517,,unknown,26,26,normal,normal
234434,98000,0,0,2510,,unknown,26,26,normal,normal
234445,79000,0,0,2518,,unknown,26,26,normal,normal
234440,70000,0,0,2501,,unknown,26,26,normal,normal
234450,43000000,0,0,2506,,unknown,27,27,attack,normal
234451,6300000,0,0,2502,,unknown,27,27,attack,normal
234459,6300000,0,0,2514,,unknown,27,27,attack,normal
234465,5200000,0,0,2513,,unknown,27,27,attack,normal
234449,2100000,0,0,2505,,unknown,27,27,attack,normal
234460,2000000,0,0,2505,,unknown,27,27,attack,normal
234466,2000000,0,0,2516,,unknown,27,27,attack,normal
234469,2000000,0,0,2510,,unknown,27,27,attack,normal
234458,1600000,296000,0,2511,,unknown,27,27,attack,normal
235040,0,0,0,6270,234458.0,unknown,27,27,attack,failed
234452,1600000,0,0,2510,,unknown,27,27,attack,normal
234447,1500000,0,0,2509,,unknown,27,27,attack,normal
234448,1300000,0,0,2505,,unknown,27,27,attack,normal
234464,1200000,0,0,2512,,unknown,27,27,attack,normal
234468,670000,0,0,2516,,unknown,27,27,attack,normal
234461,420000,0,0,2504,,unknown,27,27,attack,normal
234456,360000,13800,0,2507,,unknown,27,27,attack,normal
234455,82000,256000,0,2514,,unknown,27,27,attack,normal
234454,310000,0,0,2507,,unknown,27,27,attack,normal
234446,220000,0,0,2511,,unknown,27,27,attack,normal
234462,220000,0,0,2516,,unknown,27,27,attack,normal
234453,120000,0,0,2520,,unknown,27,27,attack,normal
234457,98000,0,0,2509,,unknown,27,27,attack,normal
234463,83000,0,0,2514,,unknown,27,27,attack,normal
234467,77000,0,0,2516,,unknown,27,27,attack,normal
234472,27000000,0,0,2502,,unknown,28,28,attack,normal
234491,27000000,0,0,2510,,unknown,28,28,attack,normal
234473,3500000,381000,0,2518,,unknown,28,28,attack,normal
235041,0,0,0,6267,234473.0,unknown,28,28,attack,failed
234479,3600000,0,0,2505,,unknown,28,28,attack,normal
234483,2000000,23500,0,2509,,unknown,28,28,attack,normal
234492,2000000,0,0,2518,,unknown,28,28,attack,normal
234474,1600000,0,0,2515,,unknown,28,28,attack,normal
234476,1400000,0,0,2517,,unknown,28,28,attack,normal
234470,600000,155000,0,2517,,unknown,28,28,attack,normal
234481,660000,0,0,2520,,unknown,28,28,attack,normal
234475,460000,164000,0,2510,,unknown,28,28,attack,normal
234489,360000,0,0,2507,,unknown,28,28,attack,normal
234493,340000,0,0,2518,,unknown,28,28,attack,normal
234490,320000,16400,0,2515,,unknown,28,28,attack,normal
234471,240000,23500,0,2511,,unknown,28,28,attack,normal
234484,220000,23500,0,2510,,unknown,28,28,attack,normal
234478,220000,0,0,2502,,unknown,28,28,attack,normal
234486,170000,0,0,2511,,unknown,28,28,attack,normal
234488,160000,0,0,2516,,unknown,28,28,attack,normal
234482,150000,0,0,2508,,unknown,28,28,attack,normal
234487,110000,0,0,2517,,unknown,28,28,attack,normal
234477,85000,0,0,2503,,unknown,28,28,attack,normal
234485,79000,5640,0,2511,,unknown,28,28,attack,normal
234480,82000,0,0,2502,,unknown,28,28,attack,normal
234499,5000000,0,0,2506,,unknown,29,29,attack,normal
234514,4500000,0,0,2510,,unknown,29,29,attack,normal
234508,3600000,0,0,2519,,unknown,29,29,attack,normal
234494,2500000,0,0,2505,,unknown,29,29,attack,normal
234496,2000000,0,0,2501,,unknown,29,29,attack,normal
234513,2000000,0,0,2514,,unknown,29,29,attack,normal
234516,1900000,100000,0,2508,,unknown,29,29,attack,normal
235042,0,0,0,6260,234516.0,unknown,29,29,attack,failed
234495,1900000,0,0,2506,,unknown,29,29,attack,normal
234505,1600000,15700,0,2504,,unknown,29,29,attack,normal
234502,1500000,0,0,2513,,unknown,29,29,attack,normal
234517,1500000,0,0,2517,,unknown,29,29,attack,normal
234500,630000,594000,0,2515,,unknown,29,29,attack,normal
234504,1200000,0,0,2506,,unknown,29,29,attack,normal
234507,1000000,146000,0,2507,,unknown,29,29,attack,normal
234515,660000,0,0,2515,,unknown,29,29,attack,normal
234501,420000,0,0,2512,,unknown,29,29,attack,normal
234506,370000,0,0,2506,,unknown,29,29,attack,normal
234509,310000,0,0,2503,,unknown,29,29,attack,normal
234510,240000,0,0,2513,,unknown,29,29,attack,normal
234511,220000,0,0,2519,,unknown,29,29,attack,normal
234503,150000,0,0,2515,,unknown,29,29,attack,normal
234498,120000,0,0,2505,,unknown,29,29,attack,normal
234512,110000,0,0,2511,,unknown,29,29,attack,normal
234497,85000,0,0,2517,,unknown,29,29,attack,normal
234536,30000000,0,0,2508,,unknown,30,30,normal,normal
234529,27000000,0,0,2510,,unknown,30,30,normal,normal
234519,5000000,0,0,2501,,unknown,30,30,normal,normal
234522,5000000,0,0,2502,,unknown,30,30,normal,normal
234532,2300000,0,0,2512,,unknown,30,30,normal,normal
234520,1800000,0,0,2511,,unknown,30,30,normal,normal
234537,1800000,0,0,2520,,unknown,30,30,normal,normal
234539,1600000,0,0,2515,,unknown,30,30,normal,normal
234521,1500000,0,0,2502,,unknown,30,30,normal,normal
234541,1100000,0,0,2501,,unknown,30,30,normal,normal
234518,650000,410000,0,2516,,unknown,30,30,normal,normal
234531,1000000,0,0,2512,,unknown,30,30,normal,normal
234540,600000,0,0,2507,,unknown,30,30,normal,normal
234530,260000,0,0,2515,,unknown,30,30,normal,normal
234525,220000,0,0,2508,,unknown,30,30,normal,normal
234538,170000,0,0,2508,,unknown,30,30,normal,normal
234523,120000,0,0,2502,,unknown,30,30,normal,normal
234524,120000,0,0,2519,,unknown,30,30,normal,normal
234526,120000,0,0,2507,,unknown,30,30,normal,normal
234535,120000,0,0,2504,,unknown,30,30,normal,normal
234534,110000,0,0,2511,,unknown,30,30,normal,normal
234527,98000,0,0,2518,,unknown,30,30,normal,normal
234533,82000,8520,0,2509,,unknown,30,30,normal,normal
234528,83000,0,0,2519,,unknown,30,30,normal,normal
234544,30000000,12800,0,2513,,unknown,31,31,attack,normal
235043,0,0,0,6273,234544.0,unknown,31,31,attack,failed
234559,5000000,0,0,2515,,unknown,31,31,attack,normal
234547,4200000,0,0,2519,,unknown,31,31,attack,normal
234546,3500000,0,0,2506,,unknown,31,31,attack,normal
234548,2500000,0,0,2506,,unknown,31,31,attack,normal
234543,2000000,0,0,2516,,unknown,31,31,attack,normal
234542,1800000,0,0,2511,,unknown,31,31,attack,normal
234550,1700000,0,0,2503,,unknown,31,31,attack,normal
234551,1200000,0,0,2502,,unknown,31,31,attack,normal
234549,1100000,0,0,2511,,unknown,31,31,attack,normal
234553,1100000,0,0,2501,,unknown,31,31,attack,normal
234554,1100000,0,0,2515,,unknown,31,31,attack,normal
234560,1100000,0,0,2506,,unknown,31,31,attack,normal
234563,470000,15100,0,2508,,unknown,31,31,attack,normal
234558,460000,0,0,2508,,unknown,31,31,attack,normal
234545,260000,0,0,2513,,unknown,31,31,attack,normal
234556,260000,0,0,2504,,unknown,31,31,attack,normal
234564,240000,0,0,2511,,unknown,31,31,attack,normal
234555,170000,0,0,2514,,unknown,31,31,attack,normal
234552,150000,0,0,2501,,unknown,31,31,attack,normal
234557,120000,0,0,2510,,unknown,31,31,attack,normal
234561,120000,0,0,2509,,unknown,31,31,attack,normal
234562,120000,0,0,2513,,unknown,31,31,attack,normal
234565,82000,0,0,2507,,unknown,31,31,attack,normal
234584,27000000,0,0,2505,,unknown,32,32,attack,normal
234581,6300000,0,0,2513,,unknown,32,32,attack,normal
234568,2500000,0,0,2503,,unknown,32,32,attack,normal
234587,2500000,0,0,2517,,unknown,32,32,attack,normal
234580,2000000,0,0,2505,,unknown,32,32,attack,normal
234567,1800000,0,0,2507,,unknown,32,32,attack,normal
234577,1600000,12800,0,2510,,unknown,32,32,attack,normal
235044,0,0,0,6285,234577.0,unknown,32,32,attack,failed
234579,1500000,0,0,2512,,unknown,32,32,attack,normal
234583,1400000,24700,0,2516,,unknown,32,32,attack,normal
234572,1400000,0,0,2518,,unknown,32,32,attack,normal
234575,1100000,0,0,2507,,unknown,32,32,attack,normal
234576,1100000,0,0,2508,,unknown,32,32,attack,normal
234566,660000,0,0,2517,,unknown,32,32,attack,normal
234589,660000,0,0,2520,,unknown,32,32,attack,normal
234569,460000,0,0,2506,,unknown,32,32,attack,normal
234586,420000,0,0,2520,,unknown,32,32,attack,normal
234588,420000,0,0,2519,,unknown,32,32,attack,normal
234574,370000,0,0,2510,,unknown,32,32,attack,normal
234578,350000,0,0,2507,,unknown,32,32,attack,normal
234571,220000,73100,0,2513,,unknown,32,32,attack,normal
234573,220000,0,0,2507,,unknown,32,32,attack,normal
234585,120000,0,0,2520,,unknown,32,32,attack,normal
234582,110000,0,0,2515,,unknown,32,32,attack,normal
234570,73000,0,0,2501,,unknown,32,32,attack,normal
234599,30000000,779000,0,2520,,unknown,33,33,attack,normal
235045,0,0,0,6280,234599.0,unknown,33,33,attack,failed
234598,19000000,0,0,2506,,unknown,33,33,attack,normal
234604,3500000,0,0,2516,,unknown,33,33,attack,normal
234591,2600000,56200,0,2516,,unknown,33,33,attack,normal
234594,2600000,0,0,2501,,unknown,33,33,attack,normal
234592,2000000,0,0,2512,,unknown,33,33,attack,normal
234613,2000000,0,0,2512,,unknown,33,33,attack,normal
234597,1800000,0,0,2509,,unknown,33,33,attack,normal
234595,1600000,0,0,2505,,unknown,33,33,attack,normal
234607,910000,0,0,2512,,unknown,33,33,attack,normal
234596,660000,0,0,2505,,unknown,33,33,attack,normal
234600,460000,0,0,2512,,unknown,33,33,attack,normal
234605,150000,256000,0,2518,,unknown,33,33,attack,normal
234593,370000,0,0,2515,,unknown,33,33,attack,normal
234603,340000,0,0,2517,,unknown,33,33,attack,normal
234611,340000,0,0,2510,,unknown,33,33,attack,normal
234609,310000,0,0,2502,,unknown,33,33,attack,normal
234601,300000,0,0,2512,,unknown,33,33,attack,normal
234590,160000,0,0,2513,,unknown,33,33,attack,normal
234606,160000,0,0,2519,,unknown,33,33,attack,normal
234610,160000,0,0,2518,,unknown,33,33,attack,normal
234612,150000,0,0,2508,,unknown,33,33,attack,normal
234602,84000,0,0,2518,,unknown,33,33,attack,normal
234608,73000,0,0,2517,,unknown,33,33,attack,normal
234620,27000000,0,0,2512,,unknown,34,34,attack,normal
234630,27000000,0,0,2516,,unknown,34,34,attack,normal
234635,5000000,0,0,2511,,unknown,34,34,attack,normal
234628,4200000,0,0,2510,,unknown,34,34,attack,normal
234637,3600000,0,0,2511,,unknown,34,34,attack,normal
234633,2400000,66100,0,2515,,unknown,34,34,attack,normal
235046,0,0,0,6267,234633.0,unknown,34,34,attack,failed
234636,870000,0,0,2510,,unknown,34,34,attack,normal
234625,670000,0,0,2516,,unknown,34,34,attack,normal
234627,660000,0,0,2517,,unknown,34,34,attack,normal
234617,420000,0,0,2516,,unknown,34,34,attack,normal
234624,420000,0,0,2513,,unknown,34,34,attack,normal
234634,350000,0,0,2518,,unknown,34,34,attack,normal
234632,170000,0,0,2505,,unknown,34,34,attack,normal
234622,160000,0,0,2506,,unknown,34,34,attack,normal
234614,120000,0,0,2502,,unknown,34,34,attack,normal
234616,120000,0,0,2507,,unknown,34,34,attack,normal
234619,120000,0,0,2512,,unknown,34,34,attack,normal
234623,120000,0,0,2515,,unknown,34,34,attack,normal
234615,77000,24700,0,2519,,unknown,34,34,attack,normal
234629,84000,0,0,2509,,unknown,34,34,attack,normal
234618,83000,0,0,2506,,unknown,34,34,attack,normal
234631,83000,0,0,2501,,unknown,34,34,attack,normal
234626,80000,0,0,2505,,unknown,34,34,attack,normal
234621,77000,0,0,2511,,unknown,34,34,attack,normal
234660,43000000,0,0,2518,,unknown,35,35,attack,normal
234644,19000000,0,0,2519,,unknown,35,35,attack,normal
234652,6100000,0,0,2509,,unknown,35,35,attack,normal
234643,4500000,0,0,2506,,unknown,35,35,attack,normal
234658,4500000,0,0,2515,,unknown,35,35,attack,normal
234661,3600000,0,0,2512,,unknown,35,35,attack,normal
234645,2000000,510000,0,2514,,unknown,35,35,attack,normal
235047,0,0,0,6266,234645.0,unknown,35,35,attack,failed
234647,2500000,0,0,2519,,unknown,35,35,attack,normal
234650,2300000,0,0,2510,,unknown,35,35,attack,normal
234656,1900000,0,0,2518,,unknown,35,35,attack,normal
234653,1600000,0,0,2516,,unknown,35,35,attack,normal
234651,1400000,0,0,2509,,unknown,35,35,attack,normal
234657,1000000,0,0,2506,,unknown,35,35,attack,normal
234639,670000,0,0,2501,,unknown,35,35,attack,normal
234638,530000,0,0,2508,,unknown,35,35,attack,normal
234646,470000,0,0,2504,,unknown,35,35,attack,normal
234649,420000,0,0,2505,,unknown,35,35,attack,normal
234642,320000,0,0,2508,,unknown,35,35,attack,normal
234654,260000,0,0,2515,,unknown,35,35,attack,normal
234641,240000,0,0,2511,,unknown,35,35,attack,normal
234659,150000,0,0,2519,,unknown,35,35,attack,normal
234640,130000,0,0,2503,,unknown,35,35,attack,normal
234648,120000,0,0,2509,,unknown,35,35,attack,normal
234655,98000,0,0,2501,,unknown,35,35,attack,normal
234683,5000000,0,0,2507,,unknown,36,36,normal,normal
234674,2600000,0,0,2510,,unknown,36,36,normal,normal
234677,2500000,0,0,2512,,unknown,36,36,normal,normal
234669,1600000,0,0,2517,,unknown,36,36,normal,normal
234662,1500000,0,0,2507,,unknown,36,36,normal,normal
234667,1500000,0,0,2508,,unknown,36,36,normal,normal
234681,1500000,0,0,2514,,unknown,36,36,normal,normal
234671,1400000,0,0,2501,,unknown,36,36,normal,normal
234663,1100000,0,0,2513,,unknown,36,36,normal,normal
234673,870000,0,0,2512,,unknown,36,36,normal,normal
234666,650000,0,0,2502,,unknown,36,36,normal,normal
234675,470000,0,0,2511,,unknown,36,36,normal,normal
234665,420000,0,0,2519,,unknown,36,36,normal,normal
234680,420000,0,0,2509,,unknown,36,36,normal,normal
234670,300000,0,0,2517,,unknown,36,36,normal,normal
234684,160000,0,0,2520,,unknown,36,36,normal,normal
234682,150000,0,0,2504,,unknown,36,36,normal,normal
234685,150000,0,0,2504,,unknown,36,36,normal,normal
234664,120000,0,0,2504,,unknown,36,36,normal,normal
234668,120000,0,0,2506,,unknown,36,36,normal,normal
234672,110000,0,0,2515,,unknown,36,36,normal,normal
234679,100000,0,0,2513,,unknown,36,36,normal,normal
234676,70000,0,0,2518,,unknown,36,36,normal,normal
234678,70000,0,0,2520,,unknown,36,36,normal,normal
234689,5200000,0,0,2507,,unknown,37,37,attack,normal
234699,2400000,510000,0,2504,,unknown,37,37,attack,normal
235048,0,0,0,6265,234699.0,unknown,37,37,attack,failed
234690,1000000,0,0,2516,,unknown,37,37,attack,normal
234700,970000,0,0,2507,,unknown,37,37,attack,normal
234693,670000,0,0,2519,,unknown,37,37,attack,normal
234691,600000,0,0,2511,,unknown,37,37,attack,normal
234688,460000,0,0,2508,,unknown,37,37,attack,normal
234701,420000,0,0,2514,,unknown,37,37,attack,normal
234704,420000,0,0,2513,,unknown,37,37,attack,normal
234692,350000,0,0,2519,,unknown,37,37,attack,normal
234702,350000,0,0,2518,,unknown,37,37,attack,normal
234698,190000,0,0,2512,,unknown,37,37,attack,normal
234708,160000,0,0,2503,,unknown,37,37,attack,normal
234697,150000,0,0,2520,,unknown,37,37,attack,normal
234709,150000,0,0,2518,,unknown,37,37,attack,normal
234687,120000,0,0,2515,,unknown,37,37,attack,normal
234696,110000,0,0,2518,,unknown,37,37,attack,normal
234705,110000,0,0,2518,,unknown,37,37,attack,normal
234694,100000,0,0,2514,,unknown,37,37,attack,normal
234703,77000,13900,0,2512,,unknown,37,37,attack,normal
234707,73000,15300,0,2501,,unknown,37,37,attack,normal
234706,87000,0,0,2501,,unknown,37,37,attack,normal
234686,77000,0,0,2503,,unknown,37,37,attack,normal
234695,77000,0,0,2510,,unknown,37,37,attack,normal
234713,43000000,0,0,2516,,unknown,38,38,attack,normal
234712,6300000,36800,0,2520,,unknown,38,38,attack,normal
235049,0,0,0,6275,234712.0,unknown,38,38,attack,failed
234714,6100000,0,0,2511,,unknown,38,38,attack,normal
234717,5200000,0,0,2520,,unknown,38,38,attack,normal
234720,5000000,0,0,2508,,unknown,38,38,attack,normal
234715,3200000,0,0,2504,,unknown,38,38,attack,normal
234716,1800000,0,0,2513,,unknown,38,38,attack,normal
234729,1600000,0,0,2518,,unknown,38,38,attack,normal
234724,1100000,0,0,2516,,unknown,38,38,attack,normal
234733,1000000,0,0,2509,,unknown,38,38,attack,normal
234722,530000,0,0,2520,,unknown,38,38,attack,normal
234727,420000,0,0,2503,,unknown,38,38,attack,normal
234730,370000,0,0,2513,,unknown,38,38,attack,normal
234718,340000,0,0,2517,,unknown,38,38,attack,normal
234710,310000,23500,0,2502,,unknown,38,38,attack,normal
234719,260000,0,0,2516,,unknown,38,38,attack,normal
234726,150000,108000,0,2513,,unknown,38,38,attack,normal
234711,170000,0,0,2513,,unknown,38,38,attack,normal
234732,150000,0,0,2519,,unknown,38,38,attack,normal
234721,110000,0,0,2506,,unknown,38,38,attack,normal
234725,110000,0,0,2515,,unknown,38,38,attack,normal
234731,84000,16400,0,2508,,unknown,38,38,attack,normal
234728,85000,0,0,2506,,unknown,38,38,attack,normal
234723,80000,0,0,2508,,unknown,38,38,attack,normal
234752,4200000,0,0,2515,,unknown,39,39,attack,normal
234741,2300000,959000,0,2520,,unknown,39,39,attack,normal
235050,0,0,0,6262,234741.0,unknown,39,39,attack,failed
234738,2600000,0,0,2520,,unknown,39,39,attack,normal
234735,2000000,5640,0,2501,,unknown,39,39,attack,normal
234746,1200000,0,0,2501,,unknown,39,39,attack,normal
234748,660000,0,0,2507,,unknown,39,39,attack,normal
234734,650000,0,0,2501,,unknown,39,39,attack,normal
234751,420000,84800,0,2512,,unknown,39,39,attack,normal
234756,460000,0,0,2508,,unknown,39,39,attack,normal
234757,460000,0,0,2505,,unknown,39,39,attack,normal
234743,420000,0,0,2519,,unknown,39,39,attack,normal
234750,420000,0,0,2506,,unknown,39,39,attack,normal
234755,360000,0,0,2520,,unknown,39,39,attack,normal
234740,340000,0,0,2507,,unknown,39,39,attack,normal
234754,320000,0,0,2517,,unknown,39,39,attack,normal
234747,300000,0,0,2511,,unknown,39,39,attack,normal
234739,240000,0,0,2520,,unknown,39,39,attack,normal
234736,220000,0,0,2507,,unknown,39,39,attack,normal
234749,190000,0,0,2501,,unknown,39,39,attack,normal
234737,170000,0,0,2501,,unknown,39,39,attack,normal
234742,160000,0,0,2508,,unknown,39,39,attack,normal
234745,160000,0,0,2508,,unknown,39,39,attack,normal
234753,160000,0,0,2508,,unknown,39,39,attack,normal
234744,110000,0,0,2510,,unknown,39,39,attack,normal
234758,27000000,0,0,2508,,unknown,40,40,attack,normal
234778,2500000,0,0,2502,,unknown,40,40,attack,normal
234775,2300000,0,0,2517,,unknown,40,40,attack,normal
234769,2100000,0,0,2509,,unknown,40,40,attack,normal
234760,2000000,0,0,2513,,unknown,40,40,attack,normal
234774,1700000,0,0,2508,,unknown,40,40,attack,normal
234771,1600000,0,0,2513,,unknown,40,40,attack,normal
234776,1500000,0,0,2514,,unknown,40,40,attack,normal
234770,870000,0,0,2512,,unknown,40,40,attack,normal
234779,630000,0,0,2517,,unknown,40,40,attack,normal
234762,460000,42000,0,2504,,unknown,40,40,attack,normal
235051,0,0,0,6279,234762.0,unknown,40,40,attack,failed
234765,370000,0,0,2518,,unknown,40,40,attack,normal
234764,310000,0,0,2519,,unknown,40,40,attack,normal
234780,300000,0,0,2504,,unknown,40,40,attack,normal
234766,260000,0,0,2507,,unknown,40,40,attack,normal
234767,170000,0,0,2507,,unknown,40,40,attack,normal
234763,150000,0,0,2503,,unknown,40,40,attack,normal
234781,150000,0,0,2510,,unknown,40,40,attack,normal
234777,120000,0,0,2511,,unknown,40,40,attack,normal
234761,100000,0,0,2513,,unknown,40,40,attack,normal
234772,100000,0,0,2505,,unknown,40,40,attack,normal
234768,79000,0,0,2510,,unknown,40,40,attack,normal
234773,79000,0,0,2508,,unknown,40,40,attack,normal
234759,73000,0,0,2508,,unknown,40,40,attack,normal
234794,5000000,0,0,2520,,unknown,41,41,attack,normal
234785,4200000,0,0,2503,,unknown,41,41,attack,normal
234796,2600000,0,0,2507,,unknown,41,41,attack,normal
234797,1700000,0,0,2509,,unknown,41,41,attack,normal
234783,1600000,17000,0,2513,,unknown,41,41,attack,normal
235052,0,0,0,6269,234783.0,unknown,41,41,attack,failed
234799,1500000,0,0,2516,,unknown,41,41,attack,normal
234782,1400000,0,0,2504,,unknown,41,41,attack,normal
234802,1400000,0,0,2520,,unknown,41,41,attack,normal
234784,1000000,0,0,2502,,unknown,41,41,attack,normal
234788,1000000,0,0,2518,,unknown,41,41,attack,normal
234793,420000,14200,0,2519,,unknown,41,41,attack,normal
234789,350000,0,0,2514,,unknown,41,41,attack,normal
234798,300000,0,0,2519,,unknown,41,41,attack,normal
234791,220000,0,0,2507,,unknown,41,41,attack,normal
234795,220000,0,0,2506,,unknown,41,41,attack,normal
234800,220000,0,0,2512,,unknown,41,41,attack,normal
234801,160000,0,0,2509,,unknown,41,41,attack,normal
234790,110000,0,0,2514,,unknown,41,41,attack,normal
234803,110000,0,0,2509,,unknown,41,41,attack,normal
234787,98000,0,0,2517,,unknown,41,41,attack,normal
234805,98000,0,0,2516,,unknown,41,41,attack,normal
234804,82000,0,0,2504,,unknown,41,41,attack,normal
234786,77000,0,0,2504,,unknown,41,41,attack,normal
234792,73000,0,0,2505,,unknown,41,41,attack,normal
234807,43000000,6390,0,2517,,unknown,42,42,attack,normal
235053,0,0,0,6255,234807.0,unknown,42,42,attack,failed
234811,30000000,0,0,2518,,unknown,42,42,attack,normal
234808,6100000,0,0,2510,,unknown,42,42,attack,normal
234826,5000000,0,0,2513,,unknown,42,42,attack,normal
234817,3600000,0,0,2515,,unknown,42,42,attack,normal
234809,3500000,0,0,2512,,unknown,42,42,attack,normal
234824,2600000,35100,0,2512,,unknown,42,42,attack,normal
234828,1700000,0,0,2517,,unknown,42,42,attack,normal
234821,1600000,0,0,2516,,unknown,42,42,attack,normal
234829,1600000,0,0,2513,,unknown,42,42,attack,normal
234827,1200000,0,0,2519,,unknown,42,42,attack,normal
234816,1100000,0,0,2512,,unknown,42,42,attack,normal
234819,910000,0,0,2501,,unknown,42,42,attack,normal
234818,630000,66100,0,2513,,unknown,42,42,attack,normal
234812,630000,0,0,2506,,unknown,42,42,attack,normal
234806,310000,0,0,2512,,unknown,42,42,attack,normal
234822,100000,146000,0,2514,,unknown,42,42,attack,normal
234810,120000,0,0,2506,,unknown,42,42,attack,normal
234823,120000,0,0,2504,,unknown,42,42,attack,normal
234825,87000,0,0,2511,,unknown,42,42,attack,normal
234815,84000,0,0,2515,,unknown,42,42,attack,normal
234813,83000,0,0,2503,,unknown,42,42,attack,normal
234814,82000,0,0,2516,,unknown,42,42,attack,normal
234820,70000,6390,0,2502,,unknown,42,42,attack,normal
234848,6100000,0,0,2517,,unknown,43,43,attack,normal
234833,4500000,0,0,2517,,unknown,43,43,attack,normal
234840,4500000,0,0,2510,,unknown,43,43,attack,normal
234831,2600000,0,0,2509,,unknown,43,43,attack,normal
234849,1900000,0,0,2520,,unknown,43,43,attack,normal
234836,1600000,0,0,2507,,unknown,43,43,attack,normal
234850,1500000,0,0,2520,,unknown,43,43,attack,normal
234846,1200000,0,0,2516,,unknown,43,43,attack,normal
234844,1100000,0,0,2519,,unknown,43,43,attack,normal
234852,1100000,0,0,2518,,unknown,43,43,attack,normal
234835,870000,0,0,2519,,unknown,43,43,attack,normal
234834,670000,0,0,2515,,unknown,43,43,attack,normal
234845,660000,0,0,2513,,unknown,43,43,attack,normal
234853,530000,0,0,2511,,unknown,43,43,attack,normal
234843,350000,0,0,2517,,unknown,43,43,attack,normal
234830,340000,0,0,2509,,unknown,43,43,attack,normal
234839,310000,0,0,2519,,unknown,43,43,attack,normal
234841,240000,0,0,2507,,unknown,43,43,attack,normal
234832,170000,0,0,2505,,unknown,43,43,attack,normal
234842,150000,0,0,2504,,unknown,43,43,attack,normal
234837,120000,12800,0,2502,,unknown,43,43,attack,normal
235054,0,0,0,6265,234837.0,unknown,43,43,attack,failed
234851,120000,0,0,2506,,unknown,43,43,attack,normal
234847,84000,0,0,2506,,unknown,43,43,attack,normal
234838,79000,0,0,2514,,unknown,43,43,attack,normal
234859,27000000,0,0,2502,,unknown,44,44,attack,normal
234861,6100000,0,0,2515,,unknown,44,44,attack,normal
234866,5200000,0,0,2510,,unknown,44,44,attack,normal
234857,2600000,15700,0,2514,,unknown,44,44,attack,normal
235055,0,0,0,6273,234857.0,unknown,44,44,attack,failed
234858,1900000,0,0,2501,,unknown,44,44,attack,normal
234864,1700000,0,0,2504,,unknown,44,44,attack,normal
234855,1500000,0,0,2514,,unknown,44,44,attack,normal
234862,1500000,0,0,2512,,unknown,44,44,attack,normal
234863,1300000,0,0,2516,,unknown,44,44,attack,normal
234877,1300000,0,0,2504,,unknown,44,44,attack,normal
234876,1100000,0,0,2518,,unknown,44,44,attack,normal
234874,870000,0,0,2518,,unknown,44,44,attack,normal
234867,470000,0,0,2503,,unknown,44,44,attack,normal
234875,460000,0,0,2506,,unknown,44,44,attack,normal
234870,350000,0,0,2510,,unknown,44,44,attack,normal
234873,350000,0,0,2519,,unknown,44,44,attack,normal
234869,320000,0,0,2506,,unknown,44,44,attack,normal
234868,120000,121000,0,2520,,unknown,44,44,attack,normal
234854,160000,0,0,2513,,unknown,44,44,attack,normal
234860,150000,0,0,2507,,unknown,44,44,attack,normal
234856,100000,0,0,2506,,unknown,44,44,attack,normal
234872,85000,0,0,2516,,unknown,44,44,attack,normal
234871,82000,0,0,2509,,unknown,44,44,attack,normal
234865,80000,0,0,2517,,unknown,44,44,attack,normal
234884,43000000,0,0,2506,,unknown,45,45,attack,normal
234889,4500000,0,0,2512,,unknown,45,45,attack,normal
234890,3500000,0,0,2517,,unknown,45,45,attack,normal
234899,2500000,0,0,2503,,unknown,45,45,attack,normal
234895,2100000,0,0,2517,,unknown,45,45,attack,normal
234880,1900000,0,0,2509,,unknown,45,45,attack,normal
234885,1600000,0,0,2510,,unknown,45,45,attack,normal
234901,1400000,0,0,2508,,unknown,45,45,attack,normal
234879,670000,0,0,2515,,unknown,45,45,attack,normal
234896,670000,0,0,2501,,unknown,45,45,attack,normal
234900,460000,121000,0,2513,,unknown,45,45,attack,normal
235056,0,0,0,6262,234900.0,unknown,45,45,attack,failed
234892,420000,0,0,2519,,unknown,45,45,attack,normal
234888,370000,0,0,2514,,unknown,45,45,attack,normal
234898,370000,0,0,2519,,unknown,45,45,attack,normal
234894,320000,0,0,2516,,unknown,45,45,attack,normal
234883,170000,5180,0,2501,,unknown,45,45,attack,normal
234886,160000,0,0,2503,,unknown,45,45,attack,normal
234882,120000,0,0,2507,,unknown,45,45,attack,normal
234887,120000,0,0,2509,,unknown,45,45,attack,normal
234891,110000,0,0,2510,,unknown,45,45,attack,normal
234897,110000,0,0,2513,,unknown,45,45,attack,normal
234878,98000,0,0,2509,,unknown,45,45,attack,normal
234893,98000,0,0,2503,,unknown,45,45,attack,normal
234881,77000,0,0,2517,,unknown,45,45,attack,normal
234916,30000000,231000,0,2508,,unknown,46,46,attack,normal
235057,0,0,0,6265,234916.0,unknown,46,46,attack,failed
234909,27000000,0,0,2513,,unknown,46,46,attack,normal
234920,19000000,0,0,2510,,unknown,46,46,attack,normal
234923,5000000,0,0,2516,,unknown,46,46,attack,normal
234910,1900000,13800,0,2507,,unknown,46,46,attack,normal
234908,1800000,15100,0,2504,,unknown,46,46,attack,normal
234907,1600000,0,0,2512,,unknown,46,46,attack,normal
234905,1100000,0,0,2510,,unknown,46,46,attack,normal
234919,1000000,0,0,2503,,unknown,46,46,attack,normal
234925,910000,7840,0,2514,,unknown,46,46,attack,normal
234914,910000,0,0,2509,,unknown,46,46,attack,normal
234911,670000,0,0,2516,,unknown,46,46,attack,normal
234922,660000,0,0,2507,,unknown,46,46,attack,normal
234903,630000,0,0,2510,,unknown,46,46,attack,normal
234902,85000,510000,0,2515,,unknown,46,46,attack,normal
234912,460000,0,0,2517,,unknown,46,46,attack,normal
234921,360000,0,0,2501,,unknown,46,46,attack,normal
234924,170000,0,0,2518,,unknown,46,46,attack,normal
234918,160000,0,0,2514,,unknown,46,46,attack,normal
234913,120000,0,0,2505,,unknown,46,46,attack,normal
234904,85000,0,0,2502,,unknown,46,46,attack,normal
234915,84000,0,0,2503,,unknown,46,46,attack,normal
234917,82000,0,0,2513,,unknown,46,46,attack,normal
234906,79000,0,0,2503,,unknown,46,46,attack,normal
234940,530000,17700000,0,2512,,unknown,47,47,normal,normal
234932,5000000,5180,0,2512,,unknown,47,47,normal,normal
234929,5000000,0,0,2510,,unknown,47,47,normal,normal
234926,670000,4320000,0,2517,,unknown,47,47,normal,normal
234936,2300000,0,0,2508,,unknown,47,47,normal,normal
234941,2300000,0,0,2513,,unknown,47,47,normal,normal
234933,1700000,0,0,2518,,unknown,47,47,normal,normal
234942,1600000,0,0,2512,,unknown,47,47,normal,normal
234931,1500000,0,0,2504,,unknown,47,47,normal,normal
234935,1500000,0,0,2503,,unknown,47,47,normal,normal
234945,1500000,0,0,2506,,unknown,47,47,normal,normal
234949,910000,0,0,2506,,unknown,47,47,normal,normal
234939,870000,0,0,2517,,unknown,47,47,normal,normal
234943,670000,0,0,2518,,unknown,47,47,normal,normal
234927,650000,0,0,2511,,unknown,47,47,normal,normal
234930,350000,0,0,2501,,unknown,47,47,normal,normal
234944,190000,0,0,2510,,unknown,47,47,normal,normal
234946,160000,0,0,2506,,unknown,47,47,normal,normal
234948,160000,0,0,2513,,unknown,47,47,normal,normal
234928,120000,0,0,2506,,unknown,47,47,normal,normal
234938,120000,0,0,2512,,unknown,47,47,normal,normal
234937,110000,0,0,2507,,unknown,47,47,normal,normal
234934,80000,0,0,2507,,unknown,47,47,normal,normal
234947,70000,0,0,2514,,unknown,47,47,normal,normal
234953,30000000,0,0,2506,,unknown,48,48,attack,normal
234960,3500000,18600,0,2513,,unknown,48,48,attack,normal
235058,0,0,0,6269,234960.0,unknown,48,48,attack,failed
234950,3200000,0,0,2519,,unknown,48,48,attack,normal
234963,2500000,0,0,2504,,unknown,48,48,attack,normal
234952,2300000,0,0,2506,,unknown,48,48,attack,normal
234958,2100000,0,0,2514,,unknown,48,48,attack,normal
234954,1500000,0,0,2517,,unknown,48,48,attack,normal
234972,1500000,0,0,2519,,unknown,48,48,attack,normal
234955,1100000,0,0,2512,,unknown,48,48,attack,normal
234964,600000,0,0,2520,,unknown,48,48,attack,normal
234968,530000,0,0,2502,,unknown,48,48,attack,normal
234951,310000,0,0,2517,,unknown,48,48,attack,normal
234966,310000,0,0,2515,,unknown,48,48,attack,normal
234962,240000,0,0,2509,,unknown,48,48,attack,normal
234956,220000,0,0,2513,,unknown,48,48,attack,normal
234969,77000,128000,0,2512,,unknown,48,48,attack,normal
234957,190000,0,0,2516,,unknown,48,48,attack,normal
234970,170000,0,0,2510,,unknown,48,48,attack,normal
234959,160000,0,0,2516,,unknown,48,48,attack,normal
234967,160000,0,0,2520,,unknown,48,48,attack,normal
234973,160000,0,0,2506,,unknown,48,48,attack,normal
234961,85000,0,0,2520,,unknown,48,48,attack,normal
234965,82000,0,0,2511,,unknown,48,48,attack,normal
234971,82000,0,0,2517,,unknown,48,48,attack,normal
234991,5000000,7840,0,2511,,unknown,49,49,attack,normal
235059,0,0,0,6259,234991.0,unknown,49,49,attack,failed
234976,3200000,0,0,2505,,unknown,49,49,attack,normal
234988,2400000,0,0,2509,,unknown,49,49,attack,normal
234996,2000000,19700,0,2502,,unknown,49,49,attack,normal
234986,1800000,0,0,2512,,unknown,49,49,attack,normal
234993,1600000,0,0,2520,,unknown,49,49,attack,normal
234978,970000,0,0,2504,,unknown,49,49,attack,normal
234997,670000,0,0,2514,,unknown,49,49,attack,normal
234981,630000,0,0,2503,,unknown,49,49,attack,normal
234985,630000,0,0,2501,,unknown,49,49,attack,normal
234983,600000,0,0,2518,,unknown,49,49,attack,normal
234987,460000,0,0,2519,,unknown,49,49,attack,normal
234989,420000,5640,0,2518,,unknown,49,49,attack,normal
234977,300000,0,0,2513,,unknown,49,49,attack,normal
234994,300000,0,0,2518,,unknown,49,49,attack,normal
234990,260000,0,0,2502,,unknown,49,49,attack,normal
234984,240000,0,0,2519,,unknown,49,49,attack,normal
234995,240000,0,0,2515,,unknown,49,49,attack,normal
234975,150000,0,0,2512,,unknown,49,49,attack,normal
234992,150000,0,0,2507,,unknown,49,49,attack,normal
234979,120000,0,0,2507,,unknown,49,49,attack,normal
234982,110000,0,0,2501,,unknown,49,49,attack,normal
234980,98000,0,0,2501,,unknown,49,49,attack,normal
234974,84000,0,0,2512,,unknown,49,49,attack,normal
235021,6300000,0,0,2502,,unknown,50,50,attack,normal
235015,5000000,0,0,2513,,unknown,50,50,attack,normal
235010,3600000,0,0,2508,,unknown,50,50,attack,normal
235014,2000000,0,0,2504,,unknown,50,50,attack,normal
235000,1600000,0,0,2503,,unknown,50,50,attack,normal
235017,1500000,0,0,2510,,unknown,50,50,attack,normal
235008,1200000,0,0,2508,,unknown,50,50,attack,normal
234998,1100000,0,0,2519,,unknown,50,50,attack,normal
235016,910000,0,0,2510,,unknown,50,50,attack,normal
234999,670000,0,0,2501,,unknown,50,50,attack,normal
235005,630000,0,0,2505,,unknown,50,50,attack,normal
235001,600000,0,0,2507,,unknown,50,50,attack,normal
235007,530000,0,0,2504,,unknown,50,50,attack,normal
235006,470000,0,0,2512,,unknown,50,50,attack,normal
235009,470000,0,0,2518,,unknown,50,50,attack,normal
235004,240000,0,0,2503,,unknown,50,50,attack,normal
235020,190000,0,0,2508,,unknown,50,50,attack,normal
235012,150000,0,0,2512,,unknown,50,50,attack,normal
235003,120000,0,0,2509,,unknown,50,50,attack,normal
235002,110000,0,0,2509,,unknown,50,50,attack,normal
235018,87000,0,0,2507,,unknown,50,50,attack,normal
235013,77000,0,0,2506,,unknown,50,50,attack,normal
235011,73000,0,0,2515,,unknown,50,50,attack,normal
235019,73000,0,0,2517,,unknown,50,50,attack,normal
